{"fx": 386.7736511230469, "fy": 385.73516845703125, "ppx": 327.455078125, "ppy": 241.6256103515625, "height": 480, "width": 640, "depth_scale": 0.0010000000474974513}